country_code,period,unemployment_rate
DE,1991-01,5.2
DE,1991-02,5.2
DE,1991-03,5.3
DE,1991-04,5.3
DE,1991-05,5.3
DE,1991-06,5.4
DE,1991-07,5.5
DE,1991-08,5.6
DE,1991-09,5.7
DE,1991-10,5.8
DE,1991-11,5.9
DE,1991-12,6.0
DE,1992-01,6.0
DE,1992-02,6.1
DE,1992-03,6.2
DE,1992-04,6.3
DE,1992-05,6.4
DE,1992-06,6.5
DE,1992-07,6.6
DE,1992-08,6.8
DE,1992-09,6.9
DE,1992-10,7.0
DE,1992-11,7.1
DE,1992-12,7.2
DE,1993-01,7.3
DE,1993-02,7.4
DE,1993-03,7.5
DE,1993-04,7.5
DE,1993-05,7.6
DE,1993-06,7.7
DE,1993-07,7.8
DE,1993-08,7.9
DE,1993-09,8.0
DE,1993-10,8.1
DE,1993-11,8.2
DE,1993-12,8.3
DE,1994-01,8.4
DE,1994-02,8.5
DE,1994-03,8.5
DE,1994-04,8.6
DE,1994-05,8.5
DE,1994-06,8.5
DE,1994-07,8.5
DE,1994-08,8.4
DE,1994-09,8.4
DE,1994-10,8.3
DE,1994-11,8.3
DE,1994-12,8.2
DE,1995-01,8.2
DE,1995-02,8.1
DE,1995-03,8.1
DE,1995-04,8.1
DE,1995-05,8.1
DE,1995-06,8.1
DE,1995-07,8.2
DE,1995-08,8.3
DE,1995-09,8.3
DE,1995-10,8.4
DE,1995-11,8.4
DE,1995-12,8.5
DE,1996-01,8.5
DE,1996-02,8.6
DE,1996-03,8.6
DE,1996-04,8.7
DE,1996-05,8.8
DE,1996-06,8.8
DE,1996-07,8.9
DE,1996-08,9.0
DE,1996-09,9.1
DE,1996-10,9.2
DE,1996-11,9.3
DE,1996-12,9.4
DE,1997-01,9.5
DE,1997-02,9.5
DE,1997-03,9.6
DE,1997-04,9.7
DE,1997-05,9.7
DE,1997-06,9.7
DE,1997-07,9.7
DE,1997-08,9.7
DE,1997-09,9.7
DE,1997-10,9.7
DE,1997-11,9.7
DE,1997-12,9.7
DE,1998-01,9.7
DE,1998-02,9.7
DE,1998-03,9.6
DE,1998-04,9.6
DE,1998-05,9.5
DE,1998-06,9.4
DE,1998-07,9.4
DE,1998-08,9.3
DE,1998-09,9.2
DE,1998-10,9.1
DE,1998-11,9.1
DE,1998-12,9.0
DE,1999-01,8.9
DE,1999-02,8.8
DE,1999-03,8.8
DE,1999-04,8.7
DE,1999-05,8.6
DE,1999-06,8.6
DE,1999-07,8.5
DE,1999-08,8.5
DE,1999-09,8.4
DE,1999-10,8.4
DE,1999-11,8.3
DE,1999-12,8.2
DE,2000-01,8.2
DE,2000-02,8.1
DE,2000-03,8.1
DE,2000-04,8.0
DE,2000-05,8.0
DE,2000-06,8.0
DE,2000-07,7.9
DE,2000-08,7.9
DE,2000-09,7.9
DE,2000-10,7.8
DE,2000-11,7.8
DE,2000-12,7.7
DE,2001-01,7.7
DE,2001-02,7.7
DE,2001-03,7.6
DE,2001-04,7.6
DE,2001-05,7.7
DE,2001-06,7.7
DE,2001-07,7.8
DE,2001-08,7.8
DE,2001-09,7.9
DE,2001-10,8.0
DE,2001-11,8.0
DE,2001-12,8.1
DE,2002-01,8.1
DE,2002-02,8.2
DE,2002-03,8.2
DE,2002-04,8.3
DE,2002-05,8.4
DE,2002-06,8.5
DE,2002-07,8.6
DE,2002-08,8.7
DE,2002-09,8.9
DE,2002-10,9.0
DE,2002-11,9.1
DE,2002-12,9.2
DE,2003-01,9.4
DE,2003-02,9.5
DE,2003-03,9.6
DE,2003-04,9.7
DE,2003-05,9.7
DE,2003-06,9.8
DE,2003-07,9.8
DE,2003-08,9.8
DE,2003-09,9.8
DE,2003-10,9.8
DE,2003-11,9.8
DE,2003-12,9.8
DE,2004-01,9.8
DE,2004-02,10.1
DE,2004-03,10.3
DE,2004-04,10.3
DE,2004-05,10.3
DE,2004-06,10.3
DE,2004-07,10.3
DE,2004-08,10.4
DE,2004-09,10.4
DE,2004-10,10.5
DE,2004-11,10.6
DE,2004-12,10.7
DE,2005-01,10.7
DE,2005-02,10.9
DE,2005-03,10.9
DE,2005-04,11.2
DE,2005-05,11.2
DE,2005-06,11.2
DE,2005-07,11.2
DE,2005-08,11.2
DE,2005-09,11.1
DE,2005-10,11.0
DE,2005-11,10.9
DE,2005-12,10.7
DE,2006-01,10.6
DE,2006-02,10.5
DE,2006-03,10.5
DE,2006-04,10.3
DE,2006-05,10.2
DE,2006-06,10.1
DE,2006-07,10.0
DE,2006-08,9.9
DE,2006-09,9.8
DE,2006-10,9.7
DE,2006-11,9.6
DE,2006-12,9.4
DE,2007-01,9.2
DE,2007-02,9.1
DE,2007-03,8.9
DE,2007-04,8.7
DE,2007-05,8.6
DE,2007-06,8.5
DE,2007-07,8.5
DE,2007-08,8.4
DE,2007-09,8.4
DE,2007-10,8.3
DE,2007-11,8.2
DE,2007-12,8.1
DE,2008-01,8.0
DE,2008-02,7.9
DE,2008-03,7.8
DE,2008-04,7.7
DE,2008-05,7.5
DE,2008-06,7.4
DE,2008-07,7.3
DE,2008-08,7.1
DE,2008-09,7.0
DE,2008-10,7.0
DE,2008-11,7.0
DE,2008-12,7.1
DE,2009-01,7.1
DE,2009-02,7.2
DE,2009-03,7.3
DE,2009-04,7.4
DE,2009-05,7.5
DE,2009-06,7.5
DE,2009-07,7.6
DE,2009-08,7.5
DE,2009-09,7.5
DE,2009-10,7.4
DE,2009-11,7.2
DE,2009-12,7.2
DE,2010-01,7.1
DE,2010-02,7.0
DE,2010-03,6.9
DE,2010-04,6.8
DE,2010-05,6.7
DE,2010-06,6.6
DE,2010-07,6.5
DE,2010-08,6.4
DE,2010-09,6.4
DE,2010-10,6.3
DE,2010-11,6.2
DE,2010-12,6.1
DE,2011-01,6.0
DE,2011-02,5.9
DE,2011-03,5.7
DE,2011-04,5.6
DE,2011-05,5.6
DE,2011-06,5.5
DE,2011-07,5.5
DE,2011-08,5.4
DE,2011-09,5.4
DE,2011-10,5.3
DE,2011-11,5.2
DE,2011-12,5.2
DE,2012-01,5.1
DE,2012-02,5.1
DE,2012-03,5.1
DE,2012-04,5.1
DE,2012-05,5.1
DE,2012-06,5.1
DE,2012-07,5.1
DE,2012-08,5.0
DE,2012-09,5.0
DE,2012-10,5.0
DE,2012-11,5.0
DE,2012-12,5.0
DE,2013-01,5.1
DE,2013-02,5.1
DE,2013-03,5.0
DE,2013-04,5.0
DE,2013-05,5.0
DE,2013-06,4.9
DE,2013-07,4.9
DE,2013-08,4.9
DE,2013-09,4.9
DE,2013-10,4.8
DE,2013-11,4.8
DE,2013-12,4.8
DE,2014-01,4.8
DE,2014-02,4.8
DE,2014-03,4.8
DE,2014-04,4.8
DE,2014-05,4.7
DE,2014-06,4.7
DE,2014-07,4.7
DE,2014-08,4.7
DE,2014-09,4.7
DE,2014-10,4.7
DE,2014-11,4.6
DE,2014-12,4.6
DE,2015-01,4.5
DE,2015-02,4.5
DE,2015-03,4.5
DE,2015-04,4.4
DE,2015-05,4.4
DE,2015-06,4.4
DE,2015-07,4.3
DE,2015-08,4.3
DE,2015-09,4.3
DE,2015-10,4.2
DE,2015-11,4.2
DE,2015-12,4.2
DE,2016-01,4.1
DE,2016-02,4.1
DE,2016-03,4.0
DE,2016-04,4.0
DE,2016-05,4.0
DE,2016-06,4.0
DE,2016-07,3.9
DE,2016-08,3.9
DE,2016-09,3.8
DE,2016-10,3.7
DE,2016-11,3.7
DE,2016-12,3.7
DE,2017-01,3.7
DE,2017-02,3.6
DE,2017-03,3.6
DE,2017-04,3.6
DE,2017-05,3.6
DE,2017-06,3.5
DE,2017-07,3.5
DE,2017-08,3.5
DE,2017-09,3.4
DE,2017-10,3.4
DE,2017-11,3.4
DE,2017-12,3.4
DE,2018-01,3.3
DE,2018-02,3.3
DE,2018-03,3.3
DE,2018-04,3.2
DE,2018-05,3.2
DE,2018-06,3.2
DE,2018-07,3.2
DE,2018-08,3.2
DE,2018-09,3.1
DE,2018-10,3.1
DE,2018-11,3.1
DE,2018-12,3.1
DE,2019-01,3.0
DE,2019-02,3.0
DE,2019-03,3.0
DE,2019-04,2.9
DE,2019-05,2.9
DE,2019-06,2.9
DE,2019-07,2.9
DE,2019-08,2.9
DE,2019-09,2.9
DE,2019-10,2.9
DE,2019-11,3.0
DE,2019-12,3.1
DE,2020-01,3.2
DE,2020-02,3.3
DE,2020-03,3.4
DE,2020-04,3.5
DE,2020-05,3.7
DE,2020-06,3.8
DE,2020-07,3.8
DE,2020-08,3.9
DE,2020-09,3.8
DE,2020-10,3.8
DE,2020-11,3.8
DE,2020-12,3.8
DE,2021-01,3.9
DE,2021-02,3.9
DE,2021-03,3.9
DE,2021-04,3.8
DE,2021-05,3.7
DE,2021-06,3.6
DE,2021-07,3.5
DE,2021-08,3.4
DE,2021-09,3.4
DE,2021-10,3.4
DE,2021-11,3.4
DE,2021-12,3.4
DE,2022-01,3.3
DE,2022-02,3.2
DE,2022-03,3.2
DE,2022-04,3.1
DE,2022-05,3.1
DE,2022-06,3.1
DE,2022-07,3.1
DE,2022-08,3.1
DE,2022-09,3.2
DE,2022-10,3.1
DE,2022-11,3.1
DE,2022-12,3.1
DE,2023-01,3.0
DE,2023-02,3.0
DE,2023-03,3.0
DE,2023-04,3.0
DE,2023-05,3.0
DE,2023-06,3.0
DE,2023-07,3.1
DE,2023-08,3.1
DE,2023-09,3.1
DE,2023-10,3.1
DE,2023-11,3.2
DE,2023-12,3.2
DE,2024-01,3.2
DE,2024-02,3.2
DE,2024-03,3.3
DE,2024-04,3.4
DE,2024-05,3.4
DE,2024-06,3.4
DE,2024-07,3.4
DE,2024-08,3.4
DE,2024-09,3.4
DE,2024-10,3.4
DE,2024-11,3.4
DE,2024-12,3.5
DE,2025-01,3.5
DE,2025-02,3.6
DE,2025-03,3.6
DE,2025-04,3.7
DE,2025-05,3.7
DE,2025-06,3.7
DE,2025-07,3.8
DE,2025-08,3.8
DE,2025-09,3.9
DE,2025-10,3.9
DE,2025-11,3.9
DE,2025-12,4.0
DE,2026-01,4.0
DE,2026-02,4.0
ES,1986-04,20.6
ES,1986-05,20.5
ES,1986-06,20.4
ES,1986-07,20.4
ES,1986-08,20.3
ES,1986-09,20.3
ES,1986-10,20.2
ES,1986-11,20.3
ES,1986-12,20.2
ES,1987-01,20.2
ES,1987-02,20.1
ES,1987-03,19.9
ES,1987-04,19.8
ES,1987-05,19.7
ES,1987-06,19.6
ES,1987-07,19.7
ES,1987-08,19.7
ES,1987-09,19.7
ES,1987-10,19.5
ES,1987-11,19.4
ES,1987-12,19.4
ES,1988-01,19.3
ES,1988-02,19.2
ES,1988-03,19.1
ES,1988-04,19.1
ES,1988-05,19.1
ES,1988-06,19.0
ES,1988-07,18.9
ES,1988-08,18.7
ES,1988-09,18.4
ES,1988-10,18.0
ES,1988-11,17.7
ES,1988-12,17.6
ES,1989-01,17.5
ES,1989-02,17.3
ES,1989-03,17.1
ES,1989-04,16.9
ES,1989-05,16.7
ES,1989-06,16.4
ES,1989-07,16.2
ES,1989-08,16.2
ES,1989-09,16.0
ES,1989-10,16.1
ES,1989-11,16.1
ES,1989-12,16.1
ES,1990-01,15.9
ES,1990-02,15.8
ES,1990-03,15.6
ES,1990-04,15.6
ES,1990-05,15.6
ES,1990-06,15.5
ES,1990-07,15.3
ES,1990-08,15.3
ES,1990-09,15.3
ES,1990-10,15.3
ES,1990-11,15.3
ES,1990-12,15.3
ES,1991-01,15.1
ES,1991-02,15.1
ES,1991-03,15.1
ES,1991-04,15.2
ES,1991-05,15.3
ES,1991-06,15.4
ES,1991-07,15.6
ES,1991-08,15.8
ES,1991-09,15.9
ES,1991-10,15.9
ES,1991-11,15.9
ES,1991-12,15.9
ES,1992-01,16.0
ES,1992-02,16.1
ES,1992-03,16.3
ES,1992-04,16.4
ES,1992-05,16.5
ES,1992-06,16.7
ES,1992-07,16.9
ES,1992-08,17.2
ES,1992-09,17.5
ES,1992-10,18.0
ES,1992-11,18.4
ES,1992-12,18.8
ES,1993-01,19.2
ES,1993-02,19.5
ES,1993-03,20.0
ES,1993-04,20.2
ES,1993-05,20.4
ES,1993-06,20.9
ES,1993-07,21.3
ES,1993-08,21.4
ES,1993-09,21.5
ES,1993-10,21.7
ES,1993-11,21.9
ES,1993-12,22.0
ES,1994-01,22.2
ES,1994-02,22.3
ES,1994-03,22.2
ES,1994-04,22.2
ES,1994-05,22.2
ES,1994-06,22.2
ES,1994-07,22.1
ES,1994-08,22.0
ES,1994-09,22.0
ES,1994-10,21.8
ES,1994-11,21.8
ES,1994-12,21.6
ES,1995-01,21.4
ES,1995-02,21.2
ES,1995-03,20.9
ES,1995-04,20.6
ES,1995-05,20.5
ES,1995-06,20.6
ES,1995-07,20.7
ES,1995-08,20.8
ES,1995-09,20.9
ES,1995-10,20.7
ES,1995-11,20.7
ES,1995-12,20.5
ES,1996-01,20.4
ES,1996-02,20.3
ES,1996-03,20.3
ES,1996-04,20.1
ES,1996-05,20.1
ES,1996-06,20.2
ES,1996-07,20.1
ES,1996-08,19.8
ES,1996-09,19.7
ES,1996-10,19.5
ES,1996-11,19.3
ES,1996-12,19.1
ES,1997-01,18.8
ES,1997-02,18.7
ES,1997-03,18.6
ES,1997-04,18.6
ES,1997-05,18.7
ES,1997-06,18.8
ES,1997-07,18.6
ES,1997-08,18.3
ES,1997-09,18.3
ES,1997-10,18.0
ES,1997-11,17.8
ES,1997-12,17.6
ES,1998-01,17.1
ES,1998-02,16.7
ES,1998-03,16.7
ES,1998-04,16.6
ES,1998-05,16.6
ES,1998-06,16.8
ES,1998-07,16.6
ES,1998-08,16.4
ES,1998-09,16.3
ES,1998-10,16.0
ES,1998-11,15.7
ES,1998-12,15.4
ES,1999-01,14.8
ES,1999-02,14.3
ES,1999-03,13.9
ES,1999-04,13.6
ES,1999-05,13.5
ES,1999-06,13.5
ES,1999-07,13.5
ES,1999-08,13.5
ES,1999-09,13.4
ES,1999-10,13.2
ES,1999-11,13.1
ES,1999-12,12.9
ES,2000-01,12.8
ES,2000-02,12.4
ES,2000-03,12.2
ES,2000-04,12.0
ES,2000-05,11.9
ES,2000-06,11.9
ES,2000-07,11.9
ES,2000-08,11.8
ES,2000-09,11.7
ES,2000-10,11.7
ES,2000-11,11.5
ES,2000-12,11.2
ES,2001-01,10.8
ES,2001-02,10.7
ES,2001-03,10.5
ES,2001-04,10.4
ES,2001-05,10.6
ES,2001-06,10.5
ES,2001-07,10.5
ES,2001-08,10.6
ES,2001-09,10.5
ES,2001-10,10.5
ES,2001-11,10.6
ES,2001-12,10.7
ES,2002-01,11.1
ES,2002-02,11.5
ES,2002-03,11.2
ES,2002-04,11.2
ES,2002-05,11.2
ES,2002-06,11.4
ES,2002-07,11.7
ES,2002-08,11.8
ES,2002-09,11.7
ES,2002-10,11.6
ES,2002-11,11.6
ES,2002-12,11.6
ES,2003-01,11.7
ES,2003-02,11.7
ES,2003-03,11.6
ES,2003-04,11.4
ES,2003-05,11.3
ES,2003-06,11.5
ES,2003-07,11.6
ES,2003-08,11.5
ES,2003-09,11.5
ES,2003-10,11.4
ES,2003-11,11.3
ES,2003-12,11.4
ES,2004-01,11.3
ES,2004-02,11.2
ES,2004-03,11.1
ES,2004-04,11.2
ES,2004-05,11.2
ES,2004-06,11.2
ES,2004-07,11.0
ES,2004-08,11.0
ES,2004-09,10.9
ES,2004-10,10.7
ES,2004-11,10.6
ES,2004-12,10.3
ES,2005-01,10.1
ES,2005-02,9.9
ES,2005-03,9.7
ES,2005-04,9.7
ES,2005-05,9.4
ES,2005-06,9.1
ES,2005-07,8.8
ES,2005-08,8.6
ES,2005-09,8.5
ES,2005-10,8.6
ES,2005-11,8.7
ES,2005-12,8.8
ES,2006-01,8.8
ES,2006-02,8.7
ES,2006-03,8.7
ES,2006-04,8.6
ES,2006-05,8.5
ES,2006-06,8.4
ES,2006-07,8.3
ES,2006-08,8.3
ES,2006-09,8.2
ES,2006-10,8.2
ES,2006-11,8.3
ES,2006-12,8.3
ES,2007-01,8.3
ES,2007-02,8.2
ES,2007-03,8.1
ES,2007-04,8.0
ES,2007-05,7.9
ES,2007-06,8.0
ES,2007-07,8.1
ES,2007-08,8.3
ES,2007-09,8.3
ES,2007-10,8.4
ES,2007-11,8.6
ES,2007-12,8.8
ES,2008-01,9.1
ES,2008-02,9.3
ES,2008-03,9.5
ES,2008-04,10.0
ES,2008-05,10.4
ES,2008-06,10.8
ES,2008-07,11.1
ES,2008-08,11.5
ES,2008-09,12.0
ES,2008-10,12.9
ES,2008-11,13.8
ES,2008-12,14.8
ES,2009-01,15.9
ES,2009-02,16.8
ES,2009-03,17.5
ES,2009-04,17.8
ES,2009-05,17.9
ES,2009-06,17.9
ES,2009-07,18.0
ES,2009-08,18.2
ES,2009-09,18.4
ES,2009-10,18.6
ES,2009-11,18.7
ES,2009-12,18.9
ES,2010-01,19.1
ES,2010-02,19.2
ES,2010-03,19.4
ES,2010-04,19.8
ES,2010-05,20.0
ES,2010-06,20.1
ES,2010-07,19.9
ES,2010-08,20.0
ES,2010-09,20.1
ES,2010-10,20.1
ES,2010-11,20.2
ES,2010-12,20.3
ES,2011-01,20.4
ES,2011-02,20.5
ES,2011-03,20.6
ES,2011-04,20.6
ES,2011-05,20.7
ES,2011-06,21.0
ES,2011-07,21.4
ES,2011-08,21.7
ES,2011-09,22.1
ES,2011-10,22.4
ES,2011-11,22.6
ES,2011-12,22.9
ES,2012-01,23.2
ES,2012-02,23.6
ES,2012-03,23.9
ES,2012-04,24.2
ES,2012-05,24.6
ES,2012-06,24.8
ES,2012-07,25.0
ES,2012-08,25.2
ES,2012-09,25.5
ES,2012-10,25.7
ES,2012-11,25.9
ES,2012-12,26.0
ES,2013-01,26.2
ES,2013-02,26.4
ES,2013-03,26.3
ES,2013-04,26.3
ES,2013-05,26.2
ES,2013-06,26.1
ES,2013-07,26.2
ES,2013-08,26.1
ES,2013-09,26.0
ES,2013-10,26.0
ES,2013-11,25.9
ES,2013-12,25.5
ES,2014-01,25.5
ES,2014-02,25.3
ES,2014-03,25.1
ES,2014-04,24.9
ES,2014-05,24.6
ES,2014-06,24.4
ES,2014-07,24.3
ES,2014-08,24.1
ES,2014-09,24.0
ES,2014-10,23.9
ES,2014-11,23.8
ES,2014-12,23.6
ES,2015-01,23.4
ES,2015-02,23.2
ES,2015-03,22.9
ES,2015-04,22.7
ES,2015-05,22.5
ES,2015-06,22.3
ES,2015-07,21.9
ES,2015-08,21.6
ES,2015-09,21.4
ES,2015-10,21.2
ES,2015-11,20.9
ES,2015-12,20.8
ES,2016-01,20.5
ES,2016-02,20.4
ES,2016-03,20.3
ES,2016-04,20.3
ES,2016-05,20.2
ES,2016-06,19.9
ES,2016-07,19.5
ES,2016-08,19.3
ES,2016-09,19.1
ES,2016-10,18.9
ES,2016-11,18.8
ES,2016-12,18.5
ES,2017-01,18.4
ES,2017-02,18.2
ES,2017-03,18.0
ES,2017-04,17.7
ES,2017-05,17.4
ES,2017-06,17.1
ES,2017-07,16.9
ES,2017-08,16.7
ES,2017-09,16.7
ES,2017-10,16.7
ES,2017-11,16.6
ES,2017-12,16.6
ES,2018-01,16.4
ES,2018-02,16.2
ES,2018-03,15.9
ES,2018-04,15.7
ES,2018-05,15.5
ES,2018-06,15.2
ES,2018-07,15.0
ES,2018-08,14.8
ES,2018-09,14.7
ES,2018-10,14.7
ES,2018-11,14.6
ES,2018-12,14.4
ES,2019-01,14.3
ES,2019-02,14.2
ES,2019-03,14.2
ES,2019-04,14.2
ES,2019-05,14.3
ES,2019-06,14.2
ES,2019-07,14.2
ES,2019-08,14.1
ES,2019-09,14.0
ES,2019-10,14.0
ES,2019-11,13.9
ES,2019-12,13.8
ES,2020-01,13.8
ES,2020-02,13.6
ES,2020-03,14.5
ES,2020-04,15.3
ES,2020-05,15.5
ES,2020-06,16.0
ES,2020-07,16.2
ES,2020-08,16.5
ES,2020-09,16.4
ES,2020-10,16.3
ES,2020-11,16.2
ES,2020-12,16.2
ES,2021-01,15.9
ES,2021-02,15.7
ES,2021-03,15.5
ES,2021-04,15.7
ES,2021-05,15.7
ES,2021-06,15.6
ES,2021-07,15.2
ES,2021-08,14.8
ES,2021-09,14.3
ES,2021-10,13.9
ES,2021-11,13.5
ES,2021-12,13.3
ES,2022-01,13.3
ES,2022-02,13.2
ES,2022-03,13.3
ES,2022-04,13.2
ES,2022-05,12.9
ES,2022-06,12.9
ES,2022-07,12.7
ES,2022-08,12.8
ES,2022-09,12.9
ES,2022-10,13.0
ES,2022-11,13.2
ES,2022-12,13.2
ES,2023-01,13.1
ES,2023-02,12.9
ES,2023-03,12.5
ES,2023-04,12.1
ES,2023-05,12.0
ES,2023-06,11.9
ES,2023-07,12.0
ES,2023-08,11.9
ES,2023-09,12.0
ES,2023-10,12.0
ES,2023-11,11.9
ES,2023-12,11.9
ES,2024-01,11.9
ES,2024-02,11.8
ES,2024-03,11.7
ES,2024-04,11.6
ES,2024-05,11.6
ES,2024-06,11.5
ES,2024-07,11.4
ES,2024-08,11.3
ES,2024-09,11.1
ES,2024-10,10.9
ES,2024-11,10.8
ES,2024-12,10.8
ES,2025-01,10.9
ES,2025-02,10.9
ES,2025-03,10.8
ES,2025-04,10.6
ES,2025-05,10.6
ES,2025-06,10.5
ES,2025-07,10.6
ES,2025-08,10.5
ES,2025-09,10.4
ES,2025-10,10.2
ES,2025-11,10.1
ES,2025-12,10.0
ES,2026-01,9.9
ES,2026-02,9.8
FR,1983-01,7.1
FR,1983-02,6.7
FR,1983-03,6.7
FR,1983-04,7.0
FR,1983-05,7.2
FR,1983-06,7.4
FR,1983-07,7.5
FR,1983-08,7.6
FR,1983-09,7.7
FR,1983-10,7.8
FR,1983-11,7.9
FR,1983-12,8.0
FR,1984-01,8.1
FR,1984-02,8.1
FR,1984-03,8.2
FR,1984-04,8.3
FR,1984-05,8.4
FR,1984-06,8.4
FR,1984-07,8.5
FR,1984-08,8.6
FR,1984-09,8.6
FR,1984-10,8.7
FR,1984-11,8.8
FR,1984-12,8.8
FR,1985-01,8.7
FR,1985-02,8.7
FR,1985-03,8.7
FR,1985-04,8.7
FR,1985-05,8.7
FR,1985-06,8.7
FR,1985-07,8.7
FR,1985-08,8.7
FR,1985-09,8.7
FR,1985-10,8.7
FR,1985-11,8.7
FR,1985-12,8.7
FR,1986-01,8.6
FR,1986-02,8.6
FR,1986-03,8.6
FR,1986-04,8.7
FR,1986-05,8.8
FR,1986-06,8.8
FR,1986-07,8.9
FR,1986-08,8.9
FR,1986-09,9.0
FR,1986-10,9.2
FR,1986-11,9.2
FR,1986-12,9.2
FR,1987-01,9.3
FR,1987-02,9.3
FR,1987-03,9.2
FR,1987-04,9.2
FR,1987-05,9.2
FR,1987-06,9.1
FR,1987-07,9.1
FR,1987-08,9.1
FR,1987-09,9.1
FR,1987-10,9.1
FR,1987-11,9.1
FR,1987-12,9.0
FR,1988-01,9.0
FR,1988-02,8.9
FR,1988-03,8.8
FR,1988-04,8.9
FR,1988-05,8.8
FR,1988-06,8.8
FR,1988-07,8.8
FR,1988-08,8.8
FR,1988-09,8.8
FR,1988-10,8.9
FR,1988-11,8.8
FR,1988-12,8.8
FR,1989-01,8.8
FR,1989-02,8.7
FR,1989-03,8.7
FR,1989-04,8.7
FR,1989-05,8.7
FR,1989-06,8.7
FR,1989-07,8.7
FR,1989-08,8.7
FR,1989-09,8.7
FR,1989-10,8.7
FR,1989-11,8.7
FR,1989-12,8.6
FR,1990-01,8.6
FR,1990-02,8.5
FR,1990-03,8.5
FR,1990-04,8.5
FR,1990-05,8.4
FR,1990-06,8.4
FR,1990-07,8.4
FR,1990-08,8.3
FR,1990-09,8.3
FR,1990-10,8.3
FR,1990-11,8.3
FR,1990-12,8.3
FR,1991-01,8.3
FR,1991-02,8.3
FR,1991-03,8.3
FR,1991-04,8.4
FR,1991-05,8.5
FR,1991-06,8.5
FR,1991-07,8.6
FR,1991-08,8.7
FR,1991-09,8.8
FR,1991-10,8.9
FR,1991-11,9.0
FR,1991-12,9.1
FR,1992-01,9.1
FR,1992-02,9.2
FR,1992-03,9.3
FR,1992-04,9.3
FR,1992-05,9.4
FR,1992-06,9.4
FR,1992-07,9.4
FR,1992-08,9.5
FR,1992-09,9.6
FR,1992-10,9.6
FR,1992-11,9.7
FR,1992-12,9.8
FR,1993-01,9.8
FR,1993-02,9.9
FR,1993-03,9.9
FR,1993-04,10.1
FR,1993-05,10.1
FR,1993-06,10.2
FR,1993-07,10.3
FR,1993-08,10.4
FR,1993-09,10.5
FR,1993-10,10.6
FR,1993-11,10.7
FR,1993-12,10.7
FR,1994-01,10.8
FR,1994-02,10.8
FR,1994-03,10.8
FR,1994-04,10.8
FR,1994-05,10.8
FR,1994-06,10.7
FR,1994-07,10.7
FR,1994-08,10.6
FR,1994-09,10.6
FR,1994-10,10.5
FR,1994-11,10.5
FR,1994-12,10.4
FR,1995-01,10.4
FR,1995-02,10.3
FR,1995-03,10.3
FR,1995-04,10.4
FR,1995-05,10.4
FR,1995-06,10.5
FR,1995-07,10.5
FR,1995-08,10.6
FR,1995-09,10.6
FR,1995-10,10.7
FR,1995-11,10.7
FR,1995-12,10.7
FR,1996-01,10.7
FR,1996-02,10.7
FR,1996-03,10.7
FR,1996-04,10.9
FR,1996-05,10.9
FR,1996-06,10.9
FR,1996-07,10.9
FR,1996-08,10.9
FR,1996-09,10.9
FR,1996-10,10.8
FR,1996-11,10.8
FR,1996-12,10.9
FR,1997-01,10.9
FR,1997-02,10.9
FR,1997-03,10.9
FR,1997-04,11.0
FR,1997-05,10.9
FR,1997-06,10.9
FR,1997-07,10.9
FR,1997-08,10.9
FR,1997-09,10.9
FR,1997-10,10.9
FR,1997-11,10.8
FR,1997-12,10.8
FR,1998-01,10.8
FR,1998-02,10.7
FR,1998-03,10.7
FR,1998-04,10.7
FR,1998-05,10.7
FR,1998-06,10.7
FR,1998-07,10.7
FR,1998-08,10.6
FR,1998-09,10.6
FR,1998-10,10.7
FR,1998-11,10.7
FR,1998-12,10.7
FR,1999-01,10.7
FR,1999-02,10.8
FR,1999-03,10.7
FR,1999-04,10.8
FR,1999-05,10.7
FR,1999-06,10.6
FR,1999-07,10.5
FR,1999-08,10.4
FR,1999-09,10.2
FR,1999-10,10.1
FR,1999-11,10.0
FR,1999-12,9.8
FR,2000-01,9.8
FR,2000-02,9.6
FR,2000-03,9.5
FR,2000-04,9.4
FR,2000-05,9.3
FR,2000-06,9.2
FR,2000-07,9.1
FR,2000-08,9.0
FR,2000-09,8.9
FR,2000-10,8.8
FR,2000-11,8.8
FR,2000-12,8.7
FR,2001-01,8.6
FR,2001-02,8.6
FR,2001-03,8.5
FR,2001-04,8.5
FR,2001-05,8.5
FR,2001-06,8.5
FR,2001-07,8.4
FR,2001-08,8.4
FR,2001-09,8.4
FR,2001-10,8.4
FR,2001-11,8.4
FR,2001-12,8.3
FR,2002-01,8.2
FR,2002-02,8.2
FR,2002-03,8.2
FR,2002-04,8.2
FR,2002-05,8.2
FR,2002-06,8.2
FR,2002-07,8.3
FR,2002-08,8.3
FR,2002-09,8.3
FR,2002-10,8.3
FR,2002-11,8.4
FR,2002-12,8.5
FR,2003-01,8.2
FR,2003-02,8.3
FR,2003-03,8.4
FR,2003-04,8.5
FR,2003-05,8.5
FR,2003-06,8.5
FR,2003-07,8.5
FR,2003-08,8.3
FR,2003-09,8.5
FR,2003-10,8.7
FR,2003-11,8.8
FR,2003-12,9.0
FR,2004-01,8.9
FR,2004-02,8.9
FR,2004-03,8.9
FR,2004-04,8.8
FR,2004-05,8.8
FR,2004-06,8.8
FR,2004-07,8.8
FR,2004-08,8.9
FR,2004-09,8.9
FR,2004-10,9.0
FR,2004-11,9.0
FR,2004-12,8.9
FR,2005-01,8.7
FR,2005-02,8.6
FR,2005-03,8.6
FR,2005-04,8.7
FR,2005-05,8.8
FR,2005-06,8.9
FR,2005-07,8.9
FR,2005-08,9.0
FR,2005-09,9.1
FR,2005-10,9.1
FR,2005-11,9.1
FR,2005-12,9.1
FR,2006-01,9.2
FR,2006-02,9.2
FR,2006-03,9.1
FR,2006-04,9.0
FR,2006-05,8.9
FR,2006-06,8.9
FR,2006-07,9.0
FR,2006-08,9.0
FR,2006-09,8.8
FR,2006-10,8.5
FR,2006-11,8.3
FR,2006-12,8.3
FR,2007-01,8.5
FR,2007-02,8.5
FR,2007-03,8.4
FR,2007-04,8.3
FR,2007-05,8.1
FR,2007-06,8.0
FR,2007-07,8.1
FR,2007-08,8.0
FR,2007-09,7.9
FR,2007-10,7.7
FR,2007-11,7.5
FR,2007-12,7.3
FR,2008-01,7.2
FR,2008-02,7.0
FR,2008-03,7.1
FR,2008-04,7.3
FR,2008-05,7.3
FR,2008-06,7.4
FR,2008-07,7.5
FR,2008-08,7.5
FR,2008-09,7.5
FR,2008-10,7.6
FR,2008-11,7.8
FR,2008-12,8.0
FR,2009-01,8.3
FR,2009-02,8.6
FR,2009-03,8.9
FR,2009-04,9.1
FR,2009-05,9.2
FR,2009-06,9.2
FR,2009-07,9.1
FR,2009-08,9.2
FR,2009-09,9.3
FR,2009-10,9.5
FR,2009-11,9.6
FR,2009-12,9.5
FR,2010-01,9.5
FR,2010-02,9.4
FR,2010-03,9.3
FR,2010-04,9.3
FR,2010-05,9.3
FR,2010-06,9.2
FR,2010-07,9.2
FR,2010-08,9.2
FR,2010-09,9.2
FR,2010-10,9.2
FR,2010-11,9.2
FR,2010-12,9.2
FR,2011-01,9.2
FR,2011-02,9.2
FR,2011-03,9.1
FR,2011-04,9.1
FR,2011-05,9.1
FR,2011-06,9.2
FR,2011-07,9.2
FR,2011-08,9.2
FR,2011-09,9.2
FR,2011-10,9.3
FR,2011-11,9.4
FR,2011-12,9.4
FR,2012-01,9.5
FR,2012-02,9.5
FR,2012-03,9.5
FR,2012-04,9.7
FR,2012-05,9.7
FR,2012-06,9.7
FR,2012-07,9.7
FR,2012-08,9.7
FR,2012-09,9.8
FR,2012-10,10.1
FR,2012-11,10.2
FR,2012-12,10.3
FR,2013-01,10.4
FR,2013-02,10.4
FR,2013-03,10.4
FR,2013-04,10.5
FR,2013-05,10.4
FR,2013-06,10.4
FR,2013-07,10.3
FR,2013-08,10.1
FR,2013-09,10.3
FR,2013-10,10.1
FR,2013-11,10.2
FR,2013-12,10.2
FR,2014-01,10.2
FR,2014-02,10.2
FR,2014-03,10.2
FR,2014-04,10.1
FR,2014-05,10.1
FR,2014-06,10.2
FR,2014-07,10.2
FR,2014-08,10.2
FR,2014-09,10.3
FR,2014-10,10.4
FR,2014-11,10.5
FR,2014-12,10.5
FR,2015-01,10.4
FR,2015-02,10.3
FR,2015-03,10.4
FR,2015-04,10.4
FR,2015-05,10.5
FR,2015-06,10.4
FR,2015-07,10.3
FR,2015-08,10.3
FR,2015-09,10.3
FR,2015-10,10.3
FR,2015-11,10.3
FR,2015-12,10.2
FR,2016-01,10.3
FR,2016-02,10.4
FR,2016-03,10.2
FR,2016-04,10.1
FR,2016-05,10.0
FR,2016-06,9.9
FR,2016-07,9.8
FR,2016-08,9.9
FR,2016-09,9.9
FR,2016-10,10.1
FR,2016-11,10.1
FR,2016-12,10.0
FR,2017-01,9.7
FR,2017-02,9.6
FR,2017-03,9.6
FR,2017-04,9.5
FR,2017-05,9.5
FR,2017-06,9.5
FR,2017-07,9.6
FR,2017-08,9.5
FR,2017-09,9.3
FR,2017-10,9.1
FR,2017-11,9.0
FR,2017-12,9.0
FR,2018-01,9.2
FR,2018-02,9.3
FR,2018-03,9.3
FR,2018-04,9.2
FR,2018-05,9.1
FR,2018-06,9.0
FR,2018-07,9.0
FR,2018-08,8.9
FR,2018-09,8.9
FR,2018-10,8.8
FR,2018-11,8.7
FR,2018-12,8.8
FR,2019-01,8.8
FR,2019-02,8.7
FR,2019-03,8.7
FR,2019-04,8.5
FR,2019-05,8.5
FR,2019-06,8.5
FR,2019-07,8.4
FR,2019-08,8.3
FR,2019-09,8.2
FR,2019-10,8.2
FR,2019-11,8.2
FR,2019-12,8.2
FR,2020-01,8.2
FR,2020-02,7.8
FR,2020-03,7.6
FR,2020-04,7.6
FR,2020-05,6.9
FR,2020-06,7.4
FR,2020-07,8.6
FR,2020-08,9.0
FR,2020-09,9.0
FR,2020-10,8.3
FR,2020-11,8.0
FR,2020-12,7.9
FR,2021-01,8.1
FR,2021-02,8.2
FR,2021-03,8.2
FR,2021-04,8.2
FR,2021-05,8.0
FR,2021-06,7.9
FR,2021-07,7.9
FR,2021-08,7.9
FR,2021-09,7.7
FR,2021-10,7.5
FR,2021-11,7.4
FR,2021-12,7.4
FR,2022-01,7.3
FR,2022-02,7.4
FR,2022-03,7.4
FR,2022-04,7.5
FR,2022-05,7.5
FR,2022-06,7.5
FR,2022-07,7.3
FR,2022-08,7.2
FR,2022-09,7.1
FR,2022-10,7.2
FR,2022-11,7.1
FR,2022-12,7.2
FR,2023-01,7.1
FR,2023-02,7.1
FR,2023-03,7.1
FR,2023-04,7.3
FR,2023-05,7.3
FR,2023-06,7.3
FR,2023-07,7.4
FR,2023-08,7.4
FR,2023-09,7.4
FR,2023-10,7.5
FR,2023-11,7.5
FR,2023-12,7.6
FR,2024-01,7.6
FR,2024-02,7.5
FR,2024-03,7.4
FR,2024-04,7.3
FR,2024-05,7.4
FR,2024-06,7.5
FR,2024-07,7.5
FR,2024-08,7.4
FR,2024-09,7.4
FR,2024-10,7.3
FR,2024-11,7.3
FR,2024-12,7.2
FR,2025-01,7.3
FR,2025-02,7.5
FR,2025-03,7.6
FR,2025-04,7.5
FR,2025-05,7.6
FR,2025-06,7.6
FR,2025-07,7.7
FR,2025-08,7.7
FR,2025-09,7.8
FR,2025-10,7.9
FR,2025-11,7.9
FR,2025-12,7.8
FR,2026-01,7.8
FR,2026-02,7.8
IT,1983-01,6.9
IT,1983-02,7.1
IT,1983-03,7.2
IT,1983-04,7.2
IT,1983-05,7.3
IT,1983-06,7.3
IT,1983-07,7.4
IT,1983-08,7.4
IT,1983-09,7.5
IT,1983-10,7.6
IT,1983-11,7.7
IT,1983-12,7.8
IT,1984-01,7.9
IT,1984-02,7.9
IT,1984-03,7.8
IT,1984-04,7.9
IT,1984-05,7.8
IT,1984-06,7.8
IT,1984-07,7.8
IT,1984-08,7.8
IT,1984-09,7.8
IT,1984-10,7.8
IT,1984-11,7.8
IT,1984-12,7.9
IT,1985-01,8.0
IT,1985-02,8.0
IT,1985-03,8.0
IT,1985-04,8.0
IT,1985-05,8.0
IT,1985-06,8.1
IT,1985-07,8.2
IT,1985-08,8.2
IT,1985-09,8.3
IT,1985-10,8.3
IT,1985-11,8.4
IT,1985-12,8.5
IT,1986-01,8.5
IT,1986-02,8.6
IT,1986-03,8.6
IT,1986-04,8.7
IT,1986-05,8.8
IT,1986-06,8.8
IT,1986-07,8.9
IT,1986-08,9.0
IT,1986-09,9.1
IT,1986-10,9.1
IT,1986-11,9.1
IT,1986-12,9.2
IT,1987-01,9.2
IT,1987-02,9.3
IT,1987-03,9.3
IT,1987-04,9.4
IT,1987-05,9.7
IT,1987-06,9.9
IT,1987-07,9.8
IT,1987-08,9.8
IT,1987-09,9.8
IT,1987-10,9.8
IT,1987-11,9.7
IT,1987-12,9.7
IT,1988-01,9.7
IT,1988-02,9.7
IT,1988-03,9.7
IT,1988-04,9.7
IT,1988-05,9.6
IT,1988-06,9.6
IT,1988-07,9.6
IT,1988-08,9.6
IT,1988-09,9.6
IT,1988-10,9.8
IT,1988-11,9.8
IT,1988-12,9.8
IT,1989-01,9.8
IT,1989-02,9.8
IT,1989-03,9.8
IT,1989-04,9.8
IT,1989-05,9.8
IT,1989-06,9.8
IT,1989-07,9.8
IT,1989-08,9.7
IT,1989-09,9.6
IT,1989-10,9.4
IT,1989-11,9.4
IT,1989-12,9.3
IT,1990-01,9.1
IT,1990-02,9.0
IT,1990-03,8.9
IT,1990-04,8.9
IT,1990-05,8.9
IT,1990-06,8.9
IT,1990-07,8.8
IT,1990-08,8.8
IT,1990-09,8.8
IT,1990-10,8.8
IT,1990-11,8.7
IT,1990-12,8.7
IT,1991-01,8.7
IT,1991-02,8.6
IT,1991-03,8.6
IT,1991-04,8.5
IT,1991-05,8.5
IT,1991-06,8.4
IT,1991-07,8.4
IT,1991-08,8.4
IT,1991-09,8.5
IT,1991-10,8.5
IT,1991-11,8.7
IT,1991-12,8.6
IT,1992-01,8.6
IT,1992-02,8.7
IT,1992-03,8.7
IT,1992-04,8.7
IT,1992-05,8.6
IT,1992-06,8.7
IT,1992-07,8.9
IT,1992-08,9.0
IT,1992-09,9.1
IT,1992-10,8.9
IT,1992-11,8.9
IT,1992-12,8.9
IT,1993-01,9.0
IT,1993-02,9.1
IT,1993-03,9.3
IT,1993-04,9.7
IT,1993-05,9.8
IT,1993-06,9.9
IT,1993-07,9.9
IT,1993-08,10.0
IT,1993-09,10.0
IT,1993-10,10.4
IT,1993-11,10.4
IT,1993-12,10.5
IT,1994-01,10.4
IT,1994-02,10.4
IT,1994-03,10.5
IT,1994-04,10.5
IT,1994-05,10.6
IT,1994-06,10.6
IT,1994-07,10.4
IT,1994-08,10.4
IT,1994-09,10.4
IT,1994-10,11.1
IT,1994-11,11.1
IT,1994-12,11.2
IT,1995-01,11.2
IT,1995-02,11.2
IT,1995-03,11.3
IT,1995-04,11.1
IT,1995-05,11.1
IT,1995-06,11.1
IT,1995-07,11.1
IT,1995-08,11.2
IT,1995-09,11.2
IT,1995-10,11.1
IT,1995-11,11.1
IT,1995-12,11.1
IT,1996-01,11.0
IT,1996-02,11.0
IT,1996-03,11.0
IT,1996-04,11.3
IT,1996-05,11.3
IT,1996-06,11.3
IT,1996-07,11.1
IT,1996-08,11.1
IT,1996-09,11.1
IT,1996-10,11.2
IT,1996-11,11.2
IT,1996-12,11.2
IT,1997-01,11.2
IT,1997-02,11.3
IT,1997-03,11.3
IT,1997-04,11.4
IT,1997-05,11.4
IT,1997-06,11.4
IT,1997-07,11.0
IT,1997-08,11.0
IT,1997-09,11.0
IT,1997-10,11.3
IT,1997-11,11.3
IT,1997-12,11.3
IT,1998-01,11.1
IT,1998-02,11.1
IT,1998-03,11.1
IT,1998-04,11.5
IT,1998-05,11.5
IT,1998-06,11.5
IT,1998-07,11.3
IT,1998-08,11.3
IT,1998-09,11.3
IT,1998-10,11.5
IT,1998-11,11.4
IT,1998-12,11.4
IT,1999-01,11.1
IT,1999-02,11.1
IT,1999-03,11.1
IT,1999-04,11.1
IT,1999-05,11.1
IT,1999-06,11.0
IT,1999-07,11.0
IT,1999-08,10.9
IT,1999-09,10.9
IT,1999-10,10.7
IT,1999-11,10.7
IT,1999-12,10.6
IT,2000-01,10.6
IT,2000-02,10.6
IT,2000-03,10.5
IT,2000-04,10.3
IT,2000-05,10.3
IT,2000-06,10.2
IT,2000-07,10.0
IT,2000-08,10.0
IT,2000-09,9.9
IT,2000-10,9.6
IT,2000-11,9.6
IT,2000-12,9.6
IT,2001-01,9.4
IT,2001-02,9.4
IT,2001-03,9.3
IT,2001-04,9.2
IT,2001-05,9.1
IT,2001-06,9.1
IT,2001-07,9.1
IT,2001-08,9.0
IT,2001-09,9.0
IT,2001-10,8.9
IT,2001-11,8.9
IT,2001-12,8.8
IT,2002-01,8.6
IT,2002-02,8.5
IT,2002-03,8.5
IT,2002-04,8.9
IT,2002-05,8.8
IT,2002-06,8.8
IT,2002-07,8.6
IT,2002-08,8.6
IT,2002-09,8.6
IT,2002-10,8.5
IT,2002-11,8.5
IT,2002-12,8.4
IT,2003-01,8.8
IT,2003-02,8.7
IT,2003-03,8.7
IT,2003-04,8.4
IT,2003-05,8.5
IT,2003-06,8.5
IT,2003-07,8.4
IT,2003-08,8.4
IT,2003-09,8.4
IT,2003-10,8.2
IT,2003-11,8.2
IT,2003-12,8.2
IT,2004-01,8.3
IT,2004-02,8.0
IT,2004-03,8.3
IT,2004-04,8.1
IT,2004-05,8.1
IT,2004-06,7.9
IT,2004-07,7.8
IT,2004-08,7.6
IT,2004-09,8.1
IT,2004-10,8.0
IT,2004-11,8.1
IT,2004-12,7.9
IT,2005-01,7.8
IT,2005-02,8.0
IT,2005-03,7.9
IT,2005-04,7.9
IT,2005-05,7.6
IT,2005-06,7.9
IT,2005-07,7.6
IT,2005-08,7.5
IT,2005-09,7.9
IT,2005-10,7.8
IT,2005-11,7.6
IT,2005-12,7.6
IT,2006-01,7.4
IT,2006-02,7.4
IT,2006-03,7.2
IT,2006-04,7.1
IT,2006-05,7.0
IT,2006-06,6.7
IT,2006-07,6.6
IT,2006-08,6.7
IT,2006-09,6.7
IT,2006-10,6.7
IT,2006-11,6.6
IT,2006-12,6.3
IT,2007-01,6.3
IT,2007-02,6.1
IT,2007-03,6.1
IT,2007-04,5.8
IT,2007-05,6.2
IT,2007-06,6.0
IT,2007-07,6.3
IT,2007-08,6.2
IT,2007-09,6.2
IT,2007-10,6.2
IT,2007-11,6.3
IT,2007-12,6.7
IT,2008-01,6.6
IT,2008-02,6.7
IT,2008-03,6.4
IT,2008-04,6.9
IT,2008-05,6.8
IT,2008-06,6.9
IT,2008-07,6.6
IT,2008-08,6.8
IT,2008-09,6.8
IT,2008-10,7.0
IT,2008-11,7.1
IT,2008-12,6.8
IT,2009-01,7.3
IT,2009-02,7.4
IT,2009-03,7.7
IT,2009-04,7.5
IT,2009-05,7.5
IT,2009-06,7.7
IT,2009-07,7.9
IT,2009-08,7.9
IT,2009-09,8.3
IT,2009-10,8.3
IT,2009-11,8.3
IT,2009-12,8.5
IT,2010-01,8.6
IT,2010-02,8.7
IT,2010-03,8.5
IT,2010-04,8.8
IT,2010-05,8.7
IT,2010-06,8.5
IT,2010-07,8.5
IT,2010-08,8.3
IT,2010-09,8.3
IT,2010-10,8.6
IT,2010-11,8.4
IT,2010-12,8.2
IT,2011-01,8.2
IT,2011-02,8.1
IT,2011-03,8.1
IT,2011-04,8.0
IT,2011-05,8.3
IT,2011-06,8.2
IT,2011-07,8.5
IT,2011-08,8.5
IT,2011-09,9.0
IT,2011-10,8.9
IT,2011-11,9.5
IT,2011-12,9.7
IT,2012-01,9.8
IT,2012-02,10.1
IT,2012-03,10.7
IT,2012-04,10.7
IT,2012-05,10.6
IT,2012-06,10.9
IT,2012-07,11.0
IT,2012-08,10.9
IT,2012-09,11.2
IT,2012-10,11.7
IT,2012-11,11.7
IT,2012-12,11.6
IT,2013-01,12.1
IT,2013-02,12.1
IT,2013-03,12.0
IT,2013-04,12.2
IT,2013-05,12.4
IT,2013-06,12.4
IT,2013-07,12.2
IT,2013-08,12.5
IT,2013-09,12.6
IT,2013-10,12.5
IT,2013-11,12.6
IT,2013-12,12.6
IT,2014-01,13.0
IT,2014-02,12.9
IT,2014-03,12.8
IT,2014-04,12.8
IT,2014-05,12.7
IT,2014-06,12.2
IT,2014-07,12.9
IT,2014-08,12.5
IT,2014-09,12.9
IT,2014-10,13.0
IT,2014-11,13.3
IT,2014-12,12.4
IT,2015-01,12.5
IT,2015-02,12.4
IT,2015-03,12.6
IT,2015-04,12.2
IT,2015-05,12.4
IT,2015-06,12.4
IT,2015-07,11.7
IT,2015-08,11.6
IT,2015-09,11.6
IT,2015-10,11.8
IT,2015-11,11.5
IT,2015-12,11.7
IT,2016-01,11.6
IT,2016-02,11.7
IT,2016-03,11.6
IT,2016-04,11.9
IT,2016-05,11.5
IT,2016-06,11.7
IT,2016-07,11.6
IT,2016-08,11.6
IT,2016-09,11.9
IT,2016-10,11.7
IT,2016-11,12.0
IT,2016-12,11.8
IT,2017-01,11.7
IT,2017-02,11.5
IT,2017-03,11.6
IT,2017-04,11.2
IT,2017-05,11.5
IT,2017-06,11.1
IT,2017-07,11.4
IT,2017-08,11.4
IT,2017-09,11.2
IT,2017-10,11.1
IT,2017-11,11.0
IT,2017-12,10.9
IT,2018-01,11.1
IT,2018-02,10.8
IT,2018-03,10.9
IT,2018-04,11.0
IT,2018-05,10.6
IT,2018-06,10.7
IT,2018-07,10.3
IT,2018-08,10.1
IT,2018-09,10.3
IT,2018-10,10.7
IT,2018-11,10.5
IT,2018-12,10.3
IT,2019-01,10.4
IT,2019-02,10.5
IT,2019-03,10.2
IT,2019-04,10.4
IT,2019-05,10.0
IT,2019-06,9.6
IT,2019-07,9.6
IT,2019-08,9.4
IT,2019-09,9.8
IT,2019-10,9.4
IT,2019-11,9.8
IT,2019-12,9.8
IT,2020-01,9.6
IT,2020-02,9.4
IT,2020-03,7.7
IT,2020-04,7.6
IT,2020-05,8.7
IT,2020-06,9.5
IT,2020-07,10.3
IT,2020-08,10.1
IT,2020-09,10.0
IT,2020-10,10.0
IT,2020-11,9.5
IT,2020-12,9.7
IT,2021-01,10.2
IT,2021-02,10.1
IT,2021-03,10.2
IT,2021-04,10.3
IT,2021-05,9.9
IT,2021-06,9.5
IT,2021-07,9.1
IT,2021-08,9.1
IT,2021-09,9.1
IT,2021-10,9.1
IT,2021-11,9.0
IT,2021-12,8.9
IT,2022-01,8.6
IT,2022-02,8.4
IT,2022-03,8.3
IT,2022-04,8.1
IT,2022-05,8.1
IT,2022-06,8.2
IT,2022-07,7.9
IT,2022-08,8.2
IT,2022-09,8.0
IT,2022-10,7.9
IT,2022-11,7.8
IT,2022-12,7.9
IT,2023-01,7.9
IT,2023-02,7.8
IT,2023-03,7.9
IT,2023-04,7.9
IT,2023-05,7.8
IT,2023-06,7.4
IT,2023-07,7.8
IT,2023-08,7.6
IT,2023-09,7.7
IT,2023-10,7.8
IT,2023-11,7.5
IT,2023-12,7.1
IT,2024-01,7.1
IT,2024-02,7.3
IT,2024-03,6.9
IT,2024-04,6.8
IT,2024-05,6.5
IT,2024-06,6.7
IT,2024-07,6.4
IT,2024-08,6.3
IT,2024-09,6.1
IT,2024-10,6.1
IT,2024-11,6.1
IT,2024-12,6.4
IT,2025-01,6.6
IT,2025-02,6.2
IT,2025-03,6.3
IT,2025-04,6.1
IT,2025-05,6.5
IT,2025-06,6.2
IT,2025-07,6.0
IT,2025-08,5.9
IT,2025-09,6.0
IT,2025-10,5.8
IT,2025-11,5.6
IT,2025-12,5.6
IT,2026-01,5.2
IT,2026-02,5.3
NL,1983-01,9.5
NL,1983-02,9.5
NL,1983-03,9.5
NL,1983-04,9.5
NL,1983-05,9.5
NL,1983-06,9.5
NL,1983-07,9.5
NL,1983-08,9.5
NL,1983-09,9.5
NL,1983-10,9.5
NL,1983-11,9.5
NL,1983-12,9.5
NL,1984-01,9.5
NL,1984-02,9.4
NL,1984-03,9.4
NL,1984-04,9.4
NL,1984-05,9.4
NL,1984-06,9.3
NL,1984-07,9.3
NL,1984-08,9.2
NL,1984-09,9.2
NL,1984-10,9.1
NL,1984-11,9.0
NL,1984-12,9.0
NL,1985-01,8.9
NL,1985-02,8.8
NL,1985-03,8.7
NL,1985-04,8.7
NL,1985-05,8.6
NL,1985-06,8.5
NL,1985-07,8.4
NL,1985-08,8.3
NL,1985-09,8.2
NL,1985-10,8.2
NL,1985-11,8.1
NL,1985-12,8.0
NL,1986-01,7.9
NL,1986-02,7.8
NL,1986-03,7.8
NL,1986-04,7.7
NL,1986-05,7.6
NL,1986-06,7.6
NL,1986-07,7.6
NL,1986-08,7.5
NL,1986-09,7.5
NL,1986-10,7.5
NL,1986-11,7.4
NL,1986-12,7.4
NL,1987-01,7.4
NL,1987-02,7.4
NL,1987-03,7.4
NL,1987-04,7.4
NL,1987-05,7.4
NL,1987-06,7.5
NL,1987-07,7.5
NL,1987-08,7.5
NL,1987-09,7.5
NL,1987-10,7.5
NL,1987-11,7.5
NL,1987-12,7.5
NL,1988-01,7.5
NL,1988-02,7.5
NL,1988-03,7.5
NL,1988-04,7.4
NL,1988-05,7.4
NL,1988-06,7.4
NL,1988-07,7.4
NL,1988-08,7.3
NL,1988-09,7.3
NL,1988-10,7.2
NL,1988-11,7.2
NL,1988-12,7.1
NL,1989-01,7.1
NL,1989-02,7.0
NL,1989-03,6.9
NL,1989-04,6.9
NL,1989-05,6.8
NL,1989-06,6.7
NL,1989-07,6.7
NL,1989-08,6.6
NL,1989-09,6.5
NL,1989-10,6.5
NL,1989-11,6.4
NL,1989-12,6.4
NL,1990-01,6.3
NL,1990-02,6.3
NL,1990-03,6.2
NL,1990-04,6.2
NL,1990-05,6.1
NL,1990-06,6.1
NL,1990-07,6.0
NL,1990-08,6.0
NL,1990-09,6.0
NL,1990-10,5.9
NL,1990-11,5.9
NL,1990-12,5.9
NL,1991-01,5.8
NL,1991-02,5.8
NL,1991-03,5.8
NL,1991-04,5.8
NL,1991-05,5.7
NL,1991-06,5.7
NL,1991-07,5.7
NL,1991-08,5.7
NL,1991-09,5.7
NL,1991-10,5.7
NL,1991-11,5.6
NL,1991-12,5.6
NL,1992-01,5.6
NL,1992-02,5.6
NL,1992-03,5.6
NL,1992-04,5.6
NL,1992-05,5.6
NL,1992-06,5.7
NL,1992-07,5.7
NL,1992-08,5.8
NL,1992-09,5.8
NL,1992-10,5.9
NL,1992-11,5.9
NL,1992-12,6.0
NL,1993-01,6.1
NL,1993-02,6.2
NL,1993-03,6.3
NL,1993-04,6.4
NL,1993-05,6.4
NL,1993-06,6.5
NL,1993-07,6.6
NL,1993-08,6.6
NL,1993-09,6.7
NL,1993-10,6.7
NL,1993-11,6.7
NL,1993-12,6.8
NL,1994-01,6.8
NL,1994-02,6.8
NL,1994-03,6.9
NL,1994-04,6.9
NL,1994-05,7.0
NL,1994-06,7.1
NL,1994-07,7.2
NL,1994-08,7.3
NL,1994-09,7.4
NL,1994-10,7.5
NL,1994-11,7.7
NL,1994-12,7.8
NL,1995-01,8.0
NL,1995-02,8.1
NL,1995-03,8.2
NL,1995-04,8.3
NL,1995-05,8.4
NL,1995-06,8.4
NL,1995-07,8.4
NL,1995-08,8.4
NL,1995-09,8.4
NL,1995-10,8.4
NL,1995-11,8.3
NL,1995-12,8.3
NL,1996-01,8.2
NL,1996-02,8.1
NL,1996-03,8.0
NL,1996-04,7.9
NL,1996-05,7.8
NL,1996-06,7.7
NL,1996-07,7.6
NL,1996-08,7.5
NL,1996-09,7.4
NL,1996-10,7.3
NL,1996-11,7.2
NL,1996-12,7.1
NL,1997-01,7.0
NL,1997-02,6.9
NL,1997-03,6.8
NL,1997-04,6.7
NL,1997-05,6.6
NL,1997-06,6.5
NL,1997-07,6.4
NL,1997-08,6.3
NL,1997-09,6.2
NL,1997-10,6.1
NL,1997-11,5.9
NL,1997-12,5.8
NL,1998-01,5.7
NL,1998-02,5.6
NL,1998-03,5.5
NL,1998-04,5.4
NL,1998-05,5.3
NL,1998-06,5.2
NL,1998-07,5.1
NL,1998-08,5.0
NL,1998-09,4.9
NL,1998-10,4.8
NL,1998-11,4.7
NL,1998-12,4.6
NL,1999-01,4.6
NL,1999-02,4.5
NL,1999-03,4.4
NL,1999-04,4.4
NL,1999-05,4.3
NL,1999-06,4.3
NL,1999-07,4.2
NL,1999-08,4.2
NL,1999-09,4.1
NL,1999-10,4.1
NL,1999-11,4.0
NL,1999-12,4.0
NL,2000-01,3.9
NL,2000-02,3.9
NL,2000-03,3.8
NL,2000-04,3.8
NL,2000-05,3.7
NL,2000-06,3.7
NL,2000-07,3.6
NL,2000-08,3.6
NL,2000-09,3.5
NL,2000-10,3.4
NL,2000-11,3.4
NL,2000-12,3.3
NL,2001-01,3.2
NL,2001-02,3.2
NL,2001-03,3.2
NL,2001-04,3.1
NL,2001-05,3.1
NL,2001-06,3.1
NL,2001-07,3.1
NL,2001-08,3.1
NL,2001-09,3.1
NL,2001-10,3.1
NL,2001-11,3.1
NL,2001-12,3.2
NL,2002-01,3.2
NL,2002-02,3.3
NL,2002-03,3.4
NL,2002-04,3.4
NL,2002-05,3.5
NL,2002-06,3.6
NL,2002-07,3.7
NL,2002-08,3.8
NL,2002-09,3.9
NL,2002-10,4.0
NL,2002-11,4.1
NL,2002-12,4.2
NL,2003-01,5.3
NL,2003-02,5.4
NL,2003-03,5.6
NL,2003-04,5.7
NL,2003-05,5.8
NL,2003-06,5.9
NL,2003-07,6.0
NL,2003-08,6.1
NL,2003-09,6.2
NL,2003-10,6.2
NL,2003-11,6.4
NL,2003-12,6.5
NL,2004-01,6.5
NL,2004-02,6.6
NL,2004-03,6.7
NL,2004-04,6.9
NL,2004-05,7.0
NL,2004-06,6.9
NL,2004-07,6.8
NL,2004-08,6.7
NL,2004-09,6.7
NL,2004-10,6.8
NL,2004-11,6.8
NL,2004-12,7.0
NL,2005-01,7.0
NL,2005-02,7.2
NL,2005-03,7.1
NL,2005-04,7.1
NL,2005-05,7.2
NL,2005-06,7.0
NL,2005-07,7.0
NL,2005-08,6.9
NL,2005-09,6.9
NL,2005-10,6.9
NL,2005-11,6.8
NL,2005-12,6.8
NL,2006-01,6.5
NL,2006-02,6.5
NL,2006-03,6.3
NL,2006-04,6.2
NL,2006-05,6.2
NL,2006-06,6.0
NL,2006-07,6.0
NL,2006-08,5.9
NL,2006-09,5.9
NL,2006-10,5.9
NL,2006-11,5.9
NL,2006-12,5.8
NL,2007-01,5.7
NL,2007-02,5.7
NL,2007-03,5.5
NL,2007-04,5.3
NL,2007-05,5.3
NL,2007-06,5.2
NL,2007-07,5.3
NL,2007-08,5.2
NL,2007-09,5.2
NL,2007-10,5.1
NL,2007-11,5.1
NL,2007-12,5.0
NL,2008-01,5.0
NL,2008-02,4.7
NL,2008-03,4.7
NL,2008-04,4.8
NL,2008-05,4.8
NL,2008-06,4.8
NL,2008-07,4.7
NL,2008-08,4.7
NL,2008-09,4.8
NL,2008-10,4.7
NL,2008-11,4.7
NL,2008-12,4.8
NL,2009-01,4.8
NL,2009-02,4.9
NL,2009-03,5.0
NL,2009-04,5.2
NL,2009-05,5.2
NL,2009-06,5.3
NL,2009-07,5.5
NL,2009-08,5.6
NL,2009-09,5.7
NL,2009-10,5.8
NL,2009-11,5.9
NL,2009-12,6.1
NL,2010-01,6.2
NL,2010-02,6.2
NL,2010-03,6.2
NL,2010-04,6.1
NL,2010-05,6.1
NL,2010-06,6.2
NL,2010-07,6.2
NL,2010-08,6.1
NL,2010-09,6.0
NL,2010-10,6.0
NL,2010-11,5.9
NL,2010-12,5.9
NL,2011-01,5.8
NL,2011-02,5.9
NL,2011-03,5.7
NL,2011-04,5.8
NL,2011-05,5.8
NL,2011-06,5.7
NL,2011-07,6.0
NL,2011-08,6.0
NL,2011-09,6.2
NL,2011-10,6.4
NL,2011-11,6.6
NL,2011-12,6.5
NL,2012-01,6.6
NL,2012-02,6.5
NL,2012-03,6.5
NL,2012-04,6.8
NL,2012-05,6.7
NL,2012-06,6.7
NL,2012-07,6.8
NL,2012-08,6.8
NL,2012-09,6.9
NL,2012-10,7.0
NL,2012-11,7.2
NL,2012-12,7.4
NL,2013-01,7.5
NL,2013-02,7.7
NL,2013-03,7.9
NL,2013-04,8.0
NL,2013-05,8.1
NL,2013-06,8.3
NL,2013-07,8.5
NL,2013-08,8.5
NL,2013-09,8.5
NL,2013-10,8.5
NL,2013-11,8.4
NL,2013-12,8.5
NL,2014-01,8.6
NL,2014-02,8.7
NL,2014-03,8.7
NL,2014-04,8.6
NL,2014-05,8.5
NL,2014-06,8.3
NL,2014-07,8.2
NL,2014-08,8.1
NL,2014-09,8.0
NL,2014-10,8.1
NL,2014-11,8.1
NL,2014-12,8.2
NL,2015-01,8.3
NL,2015-02,8.1
NL,2015-03,8.1
NL,2015-04,8.1
NL,2015-05,8.0
NL,2015-06,7.9
NL,2015-07,7.7
NL,2015-08,7.7
NL,2015-09,7.8
NL,2015-10,7.9
NL,2015-11,7.7
NL,2015-12,7.6
NL,2016-01,7.4
NL,2016-02,7.5
NL,2016-03,7.4
NL,2016-04,7.4
NL,2016-05,7.2
NL,2016-06,7.1
NL,2016-07,7.0
NL,2016-08,6.8
NL,2016-09,6.7
NL,2016-10,6.6
NL,2016-11,6.6
NL,2016-12,6.4
NL,2017-01,6.4
NL,2017-02,6.3
NL,2017-03,6.2
NL,2017-04,6.1
NL,2017-05,6.1
NL,2017-06,6.0
NL,2017-07,5.9
NL,2017-08,5.7
NL,2017-09,5.7
NL,2017-10,5.5
NL,2017-11,5.4
NL,2017-12,5.4
NL,2018-01,5.2
NL,2018-02,5.1
NL,2018-03,5.0
NL,2018-04,4.9
NL,2018-05,4.9
NL,2018-06,4.9
NL,2018-07,4.9
NL,2018-08,4.9
NL,2018-09,4.8
NL,2018-10,4.7
NL,2018-11,4.6
NL,2018-12,4.6
NL,2019-01,4.6
NL,2019-02,4.4
NL,2019-03,4.4
NL,2019-04,4.3
NL,2019-05,4.3
NL,2019-06,4.4
NL,2019-07,4.4
NL,2019-08,4.5
NL,2019-09,4.5
NL,2019-10,4.5
NL,2019-11,4.5
NL,2019-12,4.3
NL,2020-01,4.1
NL,2020-02,4.0
NL,2020-03,4.1
NL,2020-04,4.5
NL,2020-05,4.6
NL,2020-06,5.4
NL,2020-07,5.5
NL,2020-08,5.5
NL,2020-09,5.4
NL,2020-10,5.3
NL,2020-11,5.0
NL,2020-12,4.9
NL,2021-01,4.7
NL,2021-02,4.7
NL,2021-03,4.6
NL,2021-04,4.5
NL,2021-05,4.4
NL,2021-06,4.2
NL,2021-07,4.1
NL,2021-08,4.2
NL,2021-09,4.1
NL,2021-10,3.9
NL,2021-11,3.7
NL,2021-12,3.8
NL,2022-01,3.6
NL,2022-02,3.4
NL,2022-03,3.3
NL,2022-04,3.2
NL,2022-05,3.3
NL,2022-06,3.4
NL,2022-07,3.6
NL,2022-08,3.8
NL,2022-09,3.8
NL,2022-10,3.7
NL,2022-11,3.6
NL,2022-12,3.5
NL,2023-01,3.6
NL,2023-02,3.5
NL,2023-03,3.5
NL,2023-04,3.4
NL,2023-05,3.5
NL,2023-06,3.5
NL,2023-07,3.6
NL,2023-08,3.6
NL,2023-09,3.7
NL,2023-10,3.6
NL,2023-11,3.5
NL,2023-12,3.6
NL,2024-01,3.6
NL,2024-02,3.7
NL,2024-03,3.6
NL,2024-04,3.7
NL,2024-05,3.6
NL,2024-06,3.6
NL,2024-07,3.6
NL,2024-08,3.7
NL,2024-09,3.7
NL,2024-10,3.7
NL,2024-11,3.7
NL,2024-12,3.7
NL,2025-01,3.8
NL,2025-02,3.8
NL,2025-03,3.9
NL,2025-04,3.8
NL,2025-05,3.8
NL,2025-06,3.8
NL,2025-07,3.8
NL,2025-08,3.9
NL,2025-09,4.0
NL,2025-10,4.0
NL,2025-11,4.0
NL,2025-12,4.0
NL,2026-01,4.0
NL,2026-02,4.1
PT,1983-01,8.1
PT,1983-02,8.1
PT,1983-03,8.3
PT,1983-04,8.5
PT,1983-05,8.8
PT,1983-06,9.0
PT,1983-07,9.2
PT,1983-08,9.4
PT,1983-09,9.4
PT,1983-10,9.3
PT,1983-11,9.3
PT,1983-12,9.3
PT,1984-01,9.4
PT,1984-02,9.4
PT,1984-03,9.4
PT,1984-04,9.5
PT,1984-05,9.5
PT,1984-06,9.6
PT,1984-07,9.6
PT,1984-08,9.7
PT,1984-09,9.7
PT,1984-10,9.8
PT,1984-11,9.9
PT,1984-12,9.8
PT,1985-01,9.6
PT,1985-02,9.6
PT,1985-03,9.7
PT,1985-04,9.8
PT,1985-05,9.8
PT,1985-06,9.8
PT,1985-07,9.9
PT,1985-08,10.0
PT,1985-09,10.0
PT,1985-10,10.0
PT,1985-11,10.0
PT,1985-12,10.1
PT,1986-01,10.1
PT,1986-02,10.1
PT,1986-03,10.1
PT,1986-04,9.9
PT,1986-05,9.8
PT,1986-06,9.7
PT,1986-07,9.4
PT,1986-08,9.2
PT,1986-09,9.0
PT,1986-10,9.0
PT,1986-11,8.9
PT,1986-12,8.9
PT,1987-01,8.7
PT,1987-02,8.7
PT,1987-03,8.5
PT,1987-04,8.3
PT,1987-05,8.2
PT,1987-06,8.1
PT,1987-07,7.8
PT,1987-08,7.7
PT,1987-09,7.7
PT,1987-10,7.6
PT,1987-11,7.5
PT,1987-12,7.3
PT,1988-01,7.0
PT,1988-02,7.0
PT,1988-03,7.0
PT,1988-04,7.1
PT,1988-05,7.0
PT,1988-06,6.7
PT,1988-07,6.4
PT,1988-08,6.3
PT,1988-09,6.3
PT,1988-10,6.4
PT,1988-11,6.4
PT,1988-12,6.3
PT,1989-01,6.2
PT,1989-02,6.2
PT,1989-03,6.2
PT,1989-04,6.1
PT,1989-05,6.0
PT,1989-06,6.1
PT,1989-07,6.1
PT,1989-08,6.0
PT,1989-09,5.8
PT,1989-10,5.7
PT,1989-11,5.8
PT,1989-12,5.9
PT,1990-01,6.0
PT,1990-02,5.9
PT,1990-03,5.7
PT,1990-04,5.4
PT,1990-05,5.4
PT,1990-06,5.6
PT,1990-07,5.7
PT,1990-08,5.8
PT,1990-09,5.8
PT,1990-10,5.5
PT,1990-11,5.4
PT,1990-12,5.3
PT,1991-01,5.2
PT,1991-02,5.0
PT,1991-03,4.9
PT,1991-04,4.8
PT,1991-05,4.9
PT,1991-06,5.0
PT,1991-07,5.2
PT,1991-08,5.2
PT,1991-09,5.2
PT,1991-10,5.2
PT,1991-11,5.0
PT,1991-12,4.9
PT,1992-01,4.8
PT,1992-02,4.8
PT,1992-03,4.8
PT,1992-04,4.9
PT,1992-05,4.9
PT,1992-06,4.9
PT,1992-07,5.0
PT,1992-08,5.0
PT,1992-09,5.1
PT,1992-10,5.1
PT,1992-11,5.2
PT,1992-12,5.4
PT,1993-01,5.5
PT,1993-02,5.7
PT,1993-03,5.9
PT,1993-04,6.1
PT,1993-05,6.2
PT,1993-06,6.3
PT,1993-07,6.4
PT,1993-08,6.5
PT,1993-09,6.6
PT,1993-10,6.7
PT,1993-11,6.8
PT,1993-12,7.0
PT,1994-01,7.2
PT,1994-02,7.3
PT,1994-03,7.4
PT,1994-04,7.5
PT,1994-05,7.6
PT,1994-06,7.6
PT,1994-07,7.7
PT,1994-08,7.6
PT,1994-09,7.7
PT,1994-10,7.8
PT,1994-11,7.8
PT,1994-12,7.8
PT,1995-01,7.9
PT,1995-02,8.0
PT,1995-03,8.0
PT,1995-04,8.0
PT,1995-05,7.9
PT,1995-06,7.8
PT,1995-07,7.8
PT,1995-08,7.8
PT,1995-09,7.8
PT,1995-10,8.0
PT,1995-11,8.0
PT,1995-12,8.0
PT,1996-01,8.0
PT,1996-02,8.0
PT,1996-03,8.1
PT,1996-04,8.2
PT,1996-05,8.2
PT,1996-06,8.1
PT,1996-07,8.0
PT,1996-08,7.9
PT,1996-09,7.9
PT,1996-10,7.9
PT,1996-11,7.8
PT,1996-12,7.8
PT,1997-01,7.9
PT,1997-02,7.9
PT,1997-03,7.7
PT,1997-04,7.5
PT,1997-05,7.4
PT,1997-06,7.4
PT,1997-07,7.6
PT,1997-08,7.6
PT,1997-09,7.5
PT,1997-10,7.4
PT,1997-11,7.2
PT,1997-12,7.0
PT,1998-01,7.1
PT,1998-02,6.7
PT,1998-03,6.5
PT,1998-04,6.2
PT,1998-05,5.9
PT,1998-06,6.2
PT,1998-07,6.1
PT,1998-08,5.9
PT,1998-09,5.7
PT,1998-10,5.6
PT,1998-11,5.9
PT,1998-12,5.8
PT,1999-01,5.8
PT,1999-02,5.8
PT,1999-03,5.9
PT,1999-04,6.0
PT,1999-05,6.1
PT,1999-06,5.9
PT,1999-07,5.8
PT,1999-08,5.6
PT,1999-09,5.5
PT,1999-10,5.3
PT,1999-11,5.4
PT,1999-12,5.5
PT,2000-01,5.6
PT,2000-02,5.4
PT,2000-03,5.3
PT,2000-04,5.2
PT,2000-05,5.3
PT,2000-06,5.2
PT,2000-07,5.3
PT,2000-08,5.4
PT,2000-09,5.4
PT,2000-10,5.2
PT,2000-11,5.0
PT,2000-12,5.0
PT,2001-01,5.1
PT,2001-02,5.3
PT,2001-03,5.4
PT,2001-04,5.4
PT,2001-05,5.4
PT,2001-06,5.4
PT,2001-07,5.5
PT,2001-08,5.4
PT,2001-09,5.4
PT,2001-10,5.4
PT,2001-11,5.4
PT,2001-12,5.4
PT,2002-01,5.6
PT,2002-02,5.6
PT,2002-03,5.7
PT,2002-04,5.8
PT,2002-05,6.2
PT,2002-06,6.4
PT,2002-07,6.6
PT,2002-08,6.6
PT,2002-09,6.8
PT,2002-10,7.3
PT,2002-11,7.5
PT,2002-12,7.5
PT,2003-01,7.6
PT,2003-02,7.6
PT,2003-03,7.7
PT,2003-04,7.8
PT,2003-05,8.0
PT,2003-06,8.0
PT,2003-07,7.8
PT,2003-08,7.8
PT,2003-09,7.9
PT,2003-10,8.0
PT,2003-11,7.9
PT,2003-12,7.7
PT,2004-01,7.5
PT,2004-02,7.6
PT,2004-03,7.6
PT,2004-04,7.8
PT,2004-05,8.1
PT,2004-06,8.3
PT,2004-07,8.2
PT,2004-08,8.5
PT,2004-09,8.6
PT,2004-10,8.5
PT,2004-11,8.5
PT,2004-12,8.7
PT,2005-01,8.7
PT,2005-02,8.8
PT,2005-03,9.0
PT,2005-04,9.1
PT,2005-05,9.1
PT,2005-06,9.2
PT,2005-07,9.5
PT,2005-08,9.5
PT,2005-09,9.5
PT,2005-10,9.5
PT,2005-11,9.5
PT,2005-12,9.3
PT,2006-01,9.2
PT,2006-02,9.1
PT,2006-03,9.1
PT,2006-04,9.1
PT,2006-05,9.1
PT,2006-06,9.1
PT,2006-07,9.2
PT,2006-08,9.2
PT,2006-09,9.6
PT,2006-10,9.7
PT,2006-11,9.7
PT,2006-12,9.7
PT,2007-01,9.7
PT,2007-02,9.8
PT,2007-03,9.7
PT,2007-04,9.9
PT,2007-05,9.8
PT,2007-06,9.6
PT,2007-07,9.7
PT,2007-08,9.6
PT,2007-09,9.4
PT,2007-10,9.4
PT,2007-11,9.3
PT,2007-12,9.2
PT,2008-01,9.0
PT,2008-02,8.9
PT,2008-03,9.0
PT,2008-04,9.0
PT,2008-05,9.1
PT,2008-06,9.3
PT,2008-07,9.2
PT,2008-08,9.4
PT,2008-09,9.4
PT,2008-10,9.3
PT,2008-11,9.3
PT,2008-12,9.8
PT,2009-01,10.0
PT,2009-02,10.2
PT,2009-03,10.6
PT,2009-04,10.8
PT,2009-05,11.0
PT,2009-06,11.3
PT,2009-07,11.6
PT,2009-08,11.8
PT,2009-09,11.9
PT,2009-10,11.9
PT,2009-11,11.8
PT,2009-12,11.9
PT,2010-01,11.8
PT,2010-02,12.1
PT,2010-03,12.2
PT,2010-04,12.5
PT,2010-05,12.7
PT,2010-06,12.9
PT,2010-07,12.9
PT,2010-08,12.9
PT,2010-09,12.8
PT,2010-10,12.6
PT,2010-11,12.8
PT,2010-12,12.8
PT,2011-01,12.8
PT,2011-02,12.8
PT,2011-03,13.1
PT,2011-04,13.1
PT,2011-05,13.2
PT,2011-06,13.1
PT,2011-07,13.2
PT,2011-08,13.6
PT,2011-09,13.9
PT,2011-10,14.1
PT,2011-11,14.6
PT,2011-12,15.1
PT,2012-01,14.9
PT,2012-02,15.4
PT,2012-03,15.8
PT,2012-04,16.2
PT,2012-05,16.2
PT,2012-06,16.2
PT,2012-07,16.4
PT,2012-08,17.0
PT,2012-09,17.0
PT,2012-10,17.5
PT,2012-11,17.8
PT,2012-12,18.2
PT,2013-01,18.3
PT,2013-02,18.2
PT,2013-03,18.2
PT,2013-04,18.0
PT,2013-05,17.9
PT,2013-06,17.5
PT,2013-07,17.5
PT,2013-08,16.8
PT,2013-09,16.5
PT,2013-10,16.3
PT,2013-11,16.0
PT,2013-12,15.7
PT,2014-01,15.5
PT,2014-02,15.5
PT,2014-03,15.3
PT,2014-04,15.2
PT,2014-05,15.0
PT,2014-06,14.9
PT,2014-07,14.7
PT,2014-08,14.0
PT,2014-09,13.8
PT,2014-10,14.0
PT,2014-11,13.9
PT,2014-12,14.0
PT,2015-01,14.1
PT,2015-02,13.9
PT,2015-03,13.6
PT,2015-04,13.2
PT,2015-05,12.8
PT,2015-06,12.7
PT,2015-07,12.6
PT,2015-08,12.6
PT,2015-09,12.7
PT,2015-10,12.7
PT,2015-11,12.5
PT,2015-12,12.5
PT,2016-01,12.3
PT,2016-02,12.5
PT,2016-03,12.3
PT,2016-04,11.9
PT,2016-05,11.6
PT,2016-06,11.4
PT,2016-07,11.2
PT,2016-08,11.2
PT,2016-09,11.2
PT,2016-10,10.9
PT,2016-11,10.7
PT,2016-12,10.4
PT,2017-01,10.2
PT,2017-02,10.0
PT,2017-03,10.0
PT,2017-04,9.8
PT,2017-05,9.5
PT,2017-06,9.5
PT,2017-07,9.2
PT,2017-08,9.1
PT,2017-09,8.8
PT,2017-10,8.6
PT,2017-11,8.2
PT,2017-12,8.0
PT,2018-01,7.9
PT,2018-02,7.7
PT,2018-03,7.6
PT,2018-04,7.3
PT,2018-05,7.3
PT,2018-06,7.1
PT,2018-07,7.1
PT,2018-08,7.2
PT,2018-09,6.7
PT,2018-10,6.7
PT,2018-11,6.7
PT,2018-12,6.7
PT,2019-01,6.6
PT,2019-02,6.6
PT,2019-03,6.6
PT,2019-04,6.7
PT,2019-05,6.7
PT,2019-06,6.7
PT,2019-07,6.6
PT,2019-08,6.5
PT,2019-09,6.6
PT,2019-10,6.5
PT,2019-11,6.7
PT,2019-12,6.8
PT,2020-01,6.8
PT,2020-02,6.5
PT,2020-03,5.8
PT,2020-04,5.7
PT,2020-05,6.1
PT,2020-06,7.5
PT,2020-07,8.2
PT,2020-08,8.5
PT,2020-09,8.2
PT,2020-10,7.8
PT,2020-11,7.2
PT,2020-12,6.9
PT,2021-01,6.9
PT,2021-02,6.8
PT,2021-03,6.7
PT,2021-04,7.2
PT,2021-05,7.3
PT,2021-06,7.1
PT,2021-07,6.8
PT,2021-08,6.6
PT,2021-09,6.6
PT,2021-10,6.4
PT,2021-11,6.3
PT,2021-12,6.0
PT,2022-01,5.9
PT,2022-02,5.7
PT,2022-03,5.9
PT,2022-04,6.1
PT,2022-05,6.3
PT,2022-06,6.2
PT,2022-07,6.2
PT,2022-08,6.2
PT,2022-09,6.2
PT,2022-10,6.1
PT,2022-11,6.6
PT,2022-12,6.8
PT,2023-01,7.0
PT,2023-02,6.8
PT,2023-03,6.8
PT,2023-04,6.6
PT,2023-05,6.5
PT,2023-06,6.4
PT,2023-07,6.4
PT,2023-08,6.4
PT,2023-09,6.6
PT,2023-10,6.6
PT,2023-11,6.5
PT,2023-12,6.4
PT,2024-01,6.4
PT,2024-02,6.5
PT,2024-03,6.4
PT,2024-04,6.4
PT,2024-05,6.5
PT,2024-06,6.5
PT,2024-07,6.5
PT,2024-08,6.3
PT,2024-09,6.5
PT,2024-10,6.6
PT,2024-11,6.6
PT,2024-12,6.4
PT,2025-01,6.3
PT,2025-02,6.2
PT,2025-03,6.3
PT,2025-04,6.2
PT,2025-05,6.2
PT,2025-06,6.1
PT,2025-07,6.0
PT,2025-08,6.0
PT,2025-09,6.0
PT,2025-10,5.8
PT,2025-11,5.7
PT,2025-12,5.6
PT,2026-01,5.6
PT,2026-02,5.8
